{"cameraMode":{"drawMode":0,"name":"Shaded","section":"Shading Mode"},"sceneLighting":false,"audioPlay":false,"sceneViewState":{"showFog":false,"showMaterialUpdate":false,"showSkybox":false,"showFlares":false,"showImageEffects":false,"showParticleSystems":false},"in2DMode":false,"pivot":{"x":1.7550010681152344,"y":1.6670002937316895,"z":-6.171999931335449},"rotation":{"x":0.0024962876923382284,"y":-0.9683055281639099,"z":-0.009683850221335888,"w":-0.24962587654590608},"size":2.641292095184326,"orthographic":false}