{"cameraMode":{"drawMode":0,"name":"Shaded","section":"Shading Mode"},"sceneLighting":true,"audioPlay":false,"sceneViewState":{"showFog":false,"showMaterialUpdate":false,"showSkybox":false,"showFlares":false,"showImageEffects":false,"showParticleSystems":false},"in2DMode":false,"pivot":{"x":287.1146545410156,"y":365.486328125,"z":-20.146514892578126},"rotation":{"x":-0.010499226860702038,"y":0.010499200783669949,"z":0.00011024363629985601,"w":0.999890148639679},"size":323.350830078125,"orthographic":false}