{"cameraMode":{"drawMode":0,"name":"Shaded","section":"Shading Mode"},"sceneLighting":false,"audioPlay":false,"sceneViewState":{"showFog":false,"showMaterialUpdate":false,"showSkybox":false,"showFlares":false,"showImageEffects":false,"showParticleSystems":false},"in2DMode":false,"pivot":{"x":13.813626289367676,"y":-6.2076191902160648,"z":-1.789719581604004},"rotation":{"x":0.23509837687015534,"y":-0.29057031869888308,"z":0.07388564199209213,"w":0.9245761632919312},"size":22.193567276000978,"orthographic":false}